scope,count,baseline_wrong_harmful_answer_rate,paag_wrong_harmful_answer_rate,baseline_wrong_safe_refusal_rate,paag_wrong_safe_refusal_rate,harmful_answer_stopped_rate,safe_refusal_fixed_rate,preferred_paag_rate
ALL,605,0.006611570247933884,0.01487603305785124,0.05454545454545454,0.08264462809917356,0.9752066115702479,0.6677685950413224,0.03636363636363636
dataset:AbstentionBoundary,30,0.03333333333333333,0.13333333333333333,0.13333333333333333,0.26666666666666666,0.8,0.2,0.1
dataset:HarmBench,240,0.0,0.016666666666666666,0.0,0.0,1.0,0.7791666666666667,0.0
dataset:JailBreakBench-llama2,100,0.0,0.0,0.0,0.0,1.0,0.86,0.03
dataset:JailBreakBench-vicuna,100,0.0,0.0,0.0,0.0,1.0,0.92,0.01
dataset:XSTest,135,0.022222222222222223,0.007407407407407408,0.21481481481481482,0.3111111111111111,0.9333333333333333,0.24444444444444444,0.1111111111111111
