system,under_refusal_rate,over_refusal_rate,balanced_abstention_error,contrast_separation_accuracy,decision_consistency,verifier_override_rate,unsafe_output_rate,unnecessary_refusal_rate,safe_answer_alignment_rate,eval_rows,unsafe_eval_rows,safe_eval_rows
baseline,0.003883495145631068,0.3333333333333333,0.1686084142394822,0.875,0.900952380952381,0.003305785123966942,0.009917355371900827,0.02975206611570248,0.25,605,515,90
paag,0.007766990291262136,0.28888888888888886,0.1483279395900755,0.8,0.9023809523809524,0.11570247933884298,0.09421487603305785,0.006611570247933884,1.0,605,515,90
